type,name,module,path,hash
"csv","agent-manifest","_cfg","bmad/_cfg/agent-manifest.csv","18b97793c082364cfa727bacbc5530a2c406d3063250c83919ca171dd1998529"
"csv","task-manifest","_cfg","bmad/_cfg/task-manifest.csv","46f98b1753914dc6193c9ca8b6427fadc9a6d71747cdc8f5159792576c004b60"
"csv","workflow-manifest","_cfg","bmad/_cfg/workflow-manifest.csv","e552672da63d776e603065e9aeda1c005db8d6b222021ec8b7d8438482dac923"
"yaml","manifest","_cfg","bmad/_cfg/manifest.yaml","2c65a15790aa2843457c788bcb60848ee1b27ba1625d36c0065ffb9ba31ac2a5"
"bak","instructions.md","bmm","bmad/bmm/workflows/4-implementation/story-approved/instructions.md.bak","5940475d415d0c25c8e3ce9f47a9517b0b245c495810ea9bc43919927817b295"
"csv","documentation-requirements","bmm","bmad/bmm/workflows/1-analysis/document-project/documentation-requirements.csv","d1253b99e88250f2130516b56027ed706e643bfec3d99316727a4c6ec65c6c1d"
"csv","game-brain-methods","bmm","bmad/bmm/workflows/1-analysis/brainstorm-game/game-brain-methods.csv","9dd6c853bcd04038223abf0263c465381dace3c9b13c9eb637f22ce9dc93210e"
"csv","game-types","bmm","bmad/bmm/workflows/2-plan-workflows/gdd/game-types.csv","a44c04d09432c886a7a5a8112474bd32540d8e84de25b308dca0f96e570651fd"
"csv","project-types","bmm","bmad/bmm/workflows/3-solutioning/project-types/project-types.csv","98bef8481da7fb8d00a8a85d7f50de2a48276a9f4cc7e7201f3082c275476411"
"csv","tea-index","bmm","bmad/bmm/testarch/tea-index.csv","23b0e383d06e039a77bb1611b168a2bb5323ed044619a592ac64e36911066c83"
"json","project-scan-report-schema","bmm","bmad/bmm/workflows/1-analysis/document-project/templates/project-scan-report-schema.json","53255f15a10cab801a1d75b4318cdb0095eed08c51b3323b7e6c236ae6b399b7"
"md","action-platformer","bmm","bmad/bmm/workflows/2-plan-workflows/gdd/game-types/action-platformer.md","f1cbe9e9a52acd01ff120d05ce22fa81b30500933f62a3c6c36642280244057c"
"md","ADR-template","bmm","bmad/bmm/workflows/3-solutioning/ADR-template.md","c43213a6f4c1e6a0afbfb5dab26505a385966cfa15e2c468d8c174b4a5161995"
"md","adventure","bmm","bmad/bmm/workflows/2-plan-workflows/gdd/game-types/adventure.md","06aa57786c2e7ebc7580d501fcdefaabb28933c7b5785d6643bf643f58ae13e7"
"md","analyst","bmm","bmad/bmm/agents/analyst.md","98e96ce4d915314d66661c2bdd79d31e8e3875c3ee3483e49d2918b3645a14d3"
"md","architect","bmm","bmad/bmm/agents/architect.md","beabd76ad39297ed9c9ec3d61562b01b8eb964b1b0c332c9ae455650168f6dfd"
"md","atdd-checklist-template","bmm","bmad/bmm/workflows/testarch/atdd/atdd-checklist-template.md","27244a112ed31e29a19509d0721f734944f78412189b1bc31995bc96c04ace82"
"md","backend-instructions","bmm","bmad/bmm/workflows/3-solutioning/project-types/backend-instructions.md","b38b9f21c710367693083f7183edc94e384a3fc6bbfcd398e80fee5b84eb75ad"
"md","backend-template","bmm","bmad/bmm/workflows/3-solutioning/project-types/backend-template.md","bb1688916680cfe3d723d6991d68bf288931dc27713b5f5f27ec08955a57ef4f"
"md","backlog_template","bmm","bmad/bmm/workflows/4-implementation/review-story/backlog_template.md","84b1381c05012999ff9a8b036b11c8aa2f926db4d840d256b56d2fa5c11f4ef7"
"md","bmm-competitor-analyzer","bmm","bmad/bmm/workflows/1-analysis/research/claude-code/sub-agents/bmm-competitor-analyzer.md","82d80930d8ed89d3b58616e53fc6f6f2788fd2fe88a08cff41a1500ff640201c"
"md","bmm-data-analyst","bmm","bmad/bmm/workflows/1-analysis/research/claude-code/sub-agents/bmm-data-analyst.md","a50ddc2dca39cc36289a43ff9c635ab5304e50b60174fa4fc34254d86464599e"
"md","bmm-market-researcher","bmm","bmad/bmm/workflows/1-analysis/research/claude-code/sub-agents/bmm-market-researcher.md","8993d2b104e1aca7b9407d9ab1af8958397c7abdf673b68756747f6d795ae929"
"md","bmm-trend-spotter","bmm","bmad/bmm/workflows/1-analysis/research/claude-code/sub-agents/bmm-trend-spotter.md","375ec3502fadd7f8e2403e71707ece5bbad703ee60360c068f9cf90fe409d6fa"
"md","bmm-user-researcher","bmm","bmad/bmm/workflows/1-analysis/research/claude-code/sub-agents/bmm-user-researcher.md","7f4733add8e3d89546e9769a7b0d259d73c262876ac64aff04d51e3094032afb"
"md","card-game","bmm","bmad/bmm/workflows/2-plan-workflows/gdd/game-types/card-game.md","6b9298ace2607c8e93d64533e6406828053234282e4977e4407faa2e9302fd0a"
"md","checklist","bmm","bmad/bmm/workflows/1-analysis/document-project/checklist.md","54e260b60ba969ecd6ab60cb9928bc47b3733d7b603366e813eecfd9316533df"
"md","checklist","bmm","bmad/bmm/workflows/1-analysis/game-brief/checklist.md","3516d66cffceb3e5ab23e1ddc9aaed8c0335eb0755e7437488cdebff96162395"
"md","checklist","bmm","bmad/bmm/workflows/1-analysis/product-brief/checklist.md","d801d792e3cf6f4b3e4c5f264d39a18b2992a197bc347e6d0389cc7b6c5905de"
"md","checklist","bmm","bmad/bmm/workflows/1-analysis/research/checklist.md","0524c5a0ea841d9b98b6f5a5cec095d0ecbd35779aa0ae079f6a81d36af16389"
"md","checklist","bmm","bmad/bmm/workflows/2-plan-workflows/gdd/checklist.md","d733c5d0118d692710fb7af3018239f4fc01c47fe122437db6d8477d697b3fb3"
"md","checklist","bmm","bmad/bmm/workflows/2-plan-workflows/narrative/checklist.md","9bcfa41212cd74869199dba1a7d9cd5691e2bbc49e6b74b11e51c32955477524"
"md","checklist","bmm","bmad/bmm/workflows/2-plan-workflows/prd/checklist.md","5d8e8bf08131c7057f413ad148e4b4fd2feb62ea79d32e621463ee1b4e33ce53"
"md","checklist","bmm","bmad/bmm/workflows/2-plan-workflows/tech-spec/checklist.md","4342858088706451ef60ae8d5aa9125bc1df79734b05d2dbd33660a346b73b7e"
"md","checklist","bmm","bmad/bmm/workflows/2-plan-workflows/ux/checklist.md","684eac59be778b1d93d14bada4cc291cd714b33785564581f2b5d9d61e311eee"
"md","checklist","bmm","bmad/bmm/workflows/3-solutioning/checklist.md","c52b3b7227fba965a6529c41fe3e81a03f5f94c12704d87133d1eb3edb01cdd1"
"md","checklist","bmm","bmad/bmm/workflows/3-solutioning/implementation-ready-check/checklist.md","b7836e59e978533831757f218c8feea3aa2c570063dc720af0b83b790be8cf46"
"md","checklist","bmm","bmad/bmm/workflows/3-solutioning/tech-spec/checklist.md","07e61427814d7f97c86dc02f4c9caedbe725b2dd5b8876d5371371f872a81aed"
"md","checklist","bmm","bmad/bmm/workflows/4-implementation/correct-course/checklist.md","d883f8c21b6315fe2296a5b250913adfbbf43d3387053e94f60051b5198989a3"
"md","checklist","bmm","bmad/bmm/workflows/4-implementation/create-story/checklist.md","d4f2ba56c40164110cc2d1830847fe42d367305f4ee85222bc465560cba12be9"
"md","checklist","bmm","bmad/bmm/workflows/4-implementation/dev-story/checklist.md","77cecc9d45050de194300c841e7d8a11f6376e2fbe0a5aac33bb2953b1026014"
"md","checklist","bmm","bmad/bmm/workflows/4-implementation/review-story/checklist.md","549f958bfe0b28f33ed3dac7b76ea8f266630b3e67f4bda2d4ae85be518d3c89"
"md","checklist","bmm","bmad/bmm/workflows/4-implementation/story-context/checklist.md","89c90d004e0649624a533d09604384c297b2891847c87cf1dcb358e9c8d0d723"
"md","checklist","bmm","bmad/bmm/workflows/testarch/atdd/checklist.md","c4fa594d949dd8f1f818c11054b28643b458ab05ed90cf65f118deb1f4818e9f"
"md","checklist","bmm","bmad/bmm/workflows/testarch/automate/checklist.md","bf1ae220c15c9f263967d1606658b19adcd37d57aef2b0faa30d34f01e5b0d22"
"md","checklist","bmm","bmad/bmm/workflows/testarch/ci/checklist.md","b0a6233b7d6423721aa551ad543fa708ede1343313109bdc0cbd37673871b410"
"md","checklist","bmm","bmad/bmm/workflows/testarch/framework/checklist.md","d0f1008c374d6c2d08ba531e435953cf862cc280fcecb0cca8e9028ddeb961d1"
"md","checklist","bmm","bmad/bmm/workflows/testarch/nfr-assess/checklist.md","044416df40402db39eb660509eedadafc292c16edc247cf93812f2a325ee032c"
"md","checklist","bmm","bmad/bmm/workflows/testarch/test-design/checklist.md","17b95b1b316ab8d2fc9a2cd986ec5ef481cb4c285ea11651abd53c549ba762bb"
"md","checklist","bmm","bmad/bmm/workflows/testarch/test-review/checklist.md","0626c675114c23019e20e4ae2330a64baba43ad11774ff268c027b3c584a0891"
"md","checklist","bmm","bmad/bmm/workflows/testarch/trace/checklist.md","a4468ae2afa9cf676310ec1351bb34317d5390e4a02ded9684cc15a62f2fd4fd"
"md","ci-burn-in","bmm","bmad/bmm/testarch/knowledge/ci-burn-in.md","de0092c37ea5c24b40a1aff90c5560bbe0c6cc31702de55d4ea58c56a2e109af"
"md","cli-instructions","bmm","bmad/bmm/workflows/3-solutioning/project-types/cli-instructions.md","6cc4aa974297d6c9c600ecf58b61e32a4183998f5e7878420ed3a61dd8faf1a0"
"md","cli-template","bmm","bmad/bmm/workflows/3-solutioning/project-types/cli-template.md","bb1688916680cfe3d723d6991d68bf288931dc27713b5f5f27ec08955a57ef4f"
"md","component-tdd","bmm","bmad/bmm/testarch/knowledge/component-tdd.md","88bd1f9ca1d5bcd1552828845fe80b86ff3acdf071bac574eda744caf7120ef8"
"md","contract-testing","bmm","bmad/bmm/testarch/knowledge/contract-testing.md","d8f662c286b2ea4772213541c43aebef006ab6b46e8737ebdc4a414621895599"
"md","data-factories","bmm","bmad/bmm/testarch/knowledge/data-factories.md","d7428fe7675da02b6f5c4c03213fc5e542063f61ab033efb47c1c5669b835d88"
"md","data-instructions","bmm","bmad/bmm/workflows/3-solutioning/project-types/data-instructions.md","a37afd67b29b84e277a5b526e97f00a7b7f81f57282c1ecae00f7acd803b57f5"
"md","data-template","bmm","bmad/bmm/workflows/3-solutioning/project-types/data-template.md","bb1688916680cfe3d723d6991d68bf288931dc27713b5f5f27ec08955a57ef4f"
"md","deep-dive-instructions","bmm","bmad/bmm/workflows/1-analysis/document-project/workflows/deep-dive-instructions.md","5df994e4e77a2a64f98fb7af4642812378f15898c984fb4f79b45fb2201f0000"
"md","deep-dive-template","bmm","bmad/bmm/workflows/1-analysis/document-project/templates/deep-dive-template.md","6198aa731d87d6a318b5b8d180fc29b9aa53ff0966e02391c17333818e94ffe9"
"md","desktop-instructions","bmm","bmad/bmm/workflows/3-solutioning/project-types/desktop-instructions.md","799e6590ede2ed85d728d6a552df0066ca3e7890d3cff2e58281bf717443a3fd"
"md","desktop-template","bmm","bmad/bmm/workflows/3-solutioning/project-types/desktop-template.md","bb1688916680cfe3d723d6991d68bf288931dc27713b5f5f27ec08955a57ef4f"
"md","dev","bmm","bmad/bmm/agents/dev.md","518f5026c2d2bbbca7b35c6f7a80be189829448daed9964b83dc71f7ea7042c3"
"md","email-auth","bmm","bmad/bmm/testarch/knowledge/email-auth.md","43f4cc3138a905a91f4a69f358be6664a790b192811b4dfc238188e826f6b41b"
"md","embedded-instructions","bmm","bmad/bmm/workflows/3-solutioning/project-types/embedded-instructions.md","5da6262eec0dcc7a865554a8872ffad1d3cb4a282436fed9c4b8c9cd5b498186"
"md","embedded-template","bmm","bmad/bmm/workflows/3-solutioning/project-types/embedded-template.md","bb1688916680cfe3d723d6991d68bf288931dc27713b5f5f27ec08955a57ef4f"
"md","epics-template","bmm","bmad/bmm/workflows/2-plan-workflows/prd/epics-template.md","01b8a6e6febdb6c96848ce3fee71458d31f11910e90bd7e01b7ed3200b88644d"
"md","epics-template","bmm","bmad/bmm/workflows/2-plan-workflows/tech-spec/epics-template.md","dc49a7e00debebda36a9762756cead9406e8e0a5e09315cbed35cea5bb3503db"
"md","error-handling","bmm","bmad/bmm/testarch/knowledge/error-handling.md","8a314eafb31e78020e2709d88aaf4445160cbefb3aba788b62d1701557eb81c1"
"md","extension-instructions","bmm","bmad/bmm/workflows/3-solutioning/project-types/extension-instructions.md","68096e4f32b20a741436dbf541b5d1047864dd2cf70ce86377b6290077ae073e"
"md","extension-template","bmm","bmad/bmm/workflows/3-solutioning/project-types/extension-template.md","8e60bec92fb5ea7cb142bf234fae95f88e1b8d583e97dc9a7e046e74888bab9c"
"md","feature-flags","bmm","bmad/bmm/testarch/knowledge/feature-flags.md","f6db7e8de2b63ce40a1ceb120a4055fbc2c29454ad8fca5db4e8c065d98f6f49"
"md","fighting","bmm","bmad/bmm/workflows/2-plan-workflows/gdd/game-types/fighting.md","52e5a142aac496ae7154fc0829bfbce1ef22296f0a464cf8e595aa14ca02eb86"
"md","fixture-architecture","bmm","bmad/bmm/testarch/knowledge/fixture-architecture.md","a3b6c1bcaf5e925068f3806a3d2179ac11dde7149e404bc4bb5602afb7392501"
"md","full-scan-instructions","bmm","bmad/bmm/workflows/1-analysis/document-project/workflows/full-scan-instructions.md","a53c3d92a44625f103f1367f64a4620a7ce9a36d64ca49ad789a66375b5f3d7f"
"md","game-architect","bmm","bmad/bmm/agents/game-architect.md","d191165e4a2d19d6b894928a1228b9388f01c2fbd4a82a1ede6e0059b7eb9310"
"md","game-context","bmm","bmad/bmm/workflows/1-analysis/brainstorm-game/game-context.md","d0f5cb4d6151bb65b799676281ea2af0fe1b5ec227c92ceba655ba363e18a0ba"
"md","game-designer","bmm","bmad/bmm/agents/game-designer.md","345a90fbfe142d046e20dccb5f64c7ccda64d590e231a16906b95a2a1af03333"
"md","game-dev","bmm","bmad/bmm/agents/game-dev.md","eb546db2cba2cc55ec4519316b704b1913c374871c54486ee79dc982121d5656"
"md","game-instructions","bmm","bmad/bmm/workflows/3-solutioning/project-types/game-instructions.md","6bae65d7791b343683b2328a0d82dcbd7387a62ef43902084e9f8f7b0d93532b"
"md","game-template","bmm","bmad/bmm/workflows/3-solutioning/project-types/game-template.md","d04ac586ba338c22e7ac715061f03326d0e30895f427007be789d3a883842fd0"
"md","gdd-template","bmm","bmad/bmm/workflows/2-plan-workflows/gdd/gdd-template.md","070ccbb7f491dc1b1d126245c2e4db4a55dbc5a7ee6a6df4be521ca70e3c9ea6"
"md","horror","bmm","bmad/bmm/workflows/2-plan-workflows/gdd/game-types/horror.md","7ff7599d5701bb7a8ef0e14f3ba614626cdd0d8960a8e880fc1cd41c5f508f75"
"md","idle-incremental","bmm","bmad/bmm/workflows/2-plan-workflows/gdd/game-types/idle-incremental.md","515b52bb301e467c1f096cc55abde47159bb0b0d87157b9fa565973b48601ddf"
"md","index-template","bmm","bmad/bmm/workflows/1-analysis/document-project/templates/index-template.md","42c8a14f53088e4fda82f26a3fe41dc8a89d4bcb7a9659dd696136378b64ee90"
"md","infrastructure-instructions","bmm","bmad/bmm/workflows/3-solutioning/project-types/infrastructure-instructions.md","1f36431b9eb72aec4be70d1f233efc82c7b299e30ae849f06d35a0a4c5dd3184"
"md","infrastructure-template","bmm","bmad/bmm/workflows/3-solutioning/project-types/infrastructure-template.md","bb1688916680cfe3d723d6991d68bf288931dc27713b5f5f27ec08955a57ef4f"
"md","instructions","bmm","bmad/bmm/workflows/1-analysis/brainstorm-game/instructions.md","96c85f19eca3c242dd57db6f211d377ecc973f017e59bfc87735e9671c9d494b"
"md","instructions","bmm","bmad/bmm/workflows/1-analysis/brainstorm-project/instructions.md","f69c519c4ee68b6b4c133030f57626eecb86f34054f5b0250d1fcf7190790a1a"
"md","instructions","bmm","bmad/bmm/workflows/1-analysis/document-project/instructions.md","11bc86738070c943485f1200ecadf7abda4e84c06b940edeca567221cc4e6ca6"
"md","instructions","bmm","bmad/bmm/workflows/1-analysis/game-brief/instructions.md","91720043e14582a41f8e463a18ca036ee17d2f9e707a5cde7d834f59a0595fab"
"md","instructions","bmm","bmad/bmm/workflows/1-analysis/product-brief/instructions.md","8f714e310a75fc76c5c0d07eb2e31a4b3815735830b2d950309c5a3f08c1a1ff"
"md","instructions","bmm","bmad/bmm/workflows/2-plan-workflows/prd/instructions.md","0f9d4b08be66fe26800929e6547c749ab800161e493261205002510eae0a9d81"
"md","instructions","bmm","bmad/bmm/workflows/2-plan-workflows/tech-spec/instructions.md","c7642e56244fe072b56e1194c00dfa6d61cf9feac3f3ae979f21008a5bf4b73e"
"md","instructions","bmm","bmad/bmm/workflows/3-solutioning/implementation-ready-check/instructions.md","e99ca49c074010a95f631f0fe94fe0756dde1b2562bed409ce3d82834baebd21"
"md","instructions","bmm","bmad/bmm/workflows/3-solutioning/instructions.md","063772f330818496a4e9bec5f25611e6714721a887c276de53940e394be7ea39"
"md","instructions","bmm","bmad/bmm/workflows/3-solutioning/tech-spec/instructions.md","1e21ae656675f9f3f1905efbf0afca93a34f147ee5530c91747bd9e28358d335"
"md","instructions","bmm","bmad/bmm/workflows/4-implementation/correct-course/instructions.md","82ccb1ddee2f53585f0db02e0884c0317b0f5117341ffe59d2ade3747d062cc9"
"md","instructions","bmm","bmad/bmm/workflows/4-implementation/create-story/instructions.md","5a6f10836644b28d7ceb27cffa646b6de42653f272a1d9692c26d17aa909e5e4"
"md","instructions","bmm","bmad/bmm/workflows/4-implementation/dev-story/instructions.md","20d3258995cd60008018f221fdd29d05ca4d65d8130c382b767855603515577d"
"md","instructions","bmm","bmad/bmm/workflows/4-implementation/retrospective/instructions.md","7999f8a6f17df69ca1c6d3cd317c6650d2431a3c91b090cf96f3ba22109aa785"
"md","instructions","bmm","bmad/bmm/workflows/4-implementation/review-story/instructions.md","6a5aa33db30a9f7c7b9d93a6d495ca5645c6cd2570cf1fec4641ae6569ace2ef"
"md","instructions","bmm","bmad/bmm/workflows/4-implementation/story-approved/instructions.md","3f0989d46ea4e385b955b1a901c4118cdbbae2beaa2349cccdfed0e9f67d6a50"
"md","instructions","bmm","bmad/bmm/workflows/4-implementation/story-context/instructions.md","cda7bd7c9913e4eb9d8f93a8b92f8891dbb9a2b85c20222687e35188a1903906"
"md","instructions","bmm","bmad/bmm/workflows/4-implementation/story-ready/instructions.md","04df625543ac6a1ca8018bd77eeb25150a2359455914b69aa31ca29a9beec9f7"
"md","instructions","bmm","bmad/bmm/workflows/testarch/atdd/instructions.md","afed355e21b2592c2bfe6ce71c64f6556deb082c865208613427a33e5daa61e3"
"md","instructions","bmm","bmad/bmm/workflows/testarch/automate/instructions.md","43958a5fb17e5514101656720add81ae30dc7b38b5e0df596df4b7167d8cc059"
"md","instructions","bmm","bmad/bmm/workflows/testarch/ci/instructions.md","2dbb3687ec7423d01ae29ef0f67400b0df56756a7c0041ef367d6c95b6f695c2"
"md","instructions","bmm","bmad/bmm/workflows/testarch/framework/instructions.md","b5929ebd10b68f79cfee66924225b5124aeed74063025ec8048f87eda4c58ec9"
"md","instructions","bmm","bmad/bmm/workflows/testarch/nfr-assess/instructions.md","a3838c8e5dcb1735962176aa07cc8f7a1d5a1e1ad70207a27a8152015cfebbcb"
"md","instructions","bmm","bmad/bmm/workflows/testarch/test-design/instructions.md","9a91314ca9a47010267541471b559151ef8931778a51c63df555482e4bb239f7"
"md","instructions","bmm","bmad/bmm/workflows/testarch/test-review/instructions.md","8e1ed220ae9fb0ea5eba0a75f7fc755b774d8c1cfbaf15c9b972fdbdab76d954"
"md","instructions","bmm","bmad/bmm/workflows/testarch/trace/instructions.md","e34afa60d1dc5810a37372f59cb37b4f42f08c811948968dddea9668b669b3d2"
"md","instructions","bmm","bmad/bmm/workflows/workflow-status/init/instructions.md","0c429548cbc91c7597fccf27f6055aa2ab210941674a75893bd2e1b74bca58fd"
"md","instructions","bmm","bmad/bmm/workflows/workflow-status/instructions.md","660f7555f2a6fdb3ce70f54438b1ad04bff919768a99e74e03b249f175708780"
"md","instructions-deep-prompt","bmm","bmad/bmm/workflows/1-analysis/research/instructions-deep-prompt.md","524fdeb30ccb25efd6f18ef5d4f34d93461b8d21fed50f6d0b1f6507f6dd02f2"
"md","instructions-gdd","bmm","bmad/bmm/workflows/2-plan-workflows/gdd/instructions-gdd.md","3bccbc87758774ee7fcc44174517103f9dc4a46ca156a734719b9d158db087a0"
"md","instructions-level0-story","bmm","bmad/bmm/workflows/2-plan-workflows/tech-spec/instructions-level0-story.md","e9662100b334e0c50098799d8dab138cf12852ef896a982df006e58318f41db9"
"md","instructions-level1-stories","bmm","bmad/bmm/workflows/2-plan-workflows/tech-spec/instructions-level1-stories.md","312bd0610f073adacf62e7901e200731f37ea982968c1c46c7d6b873b8e60598"
"md","instructions-market","bmm","bmad/bmm/workflows/1-analysis/research/instructions-market.md","65d9f3cc812e814bc337208d3f8216f737d7beffbfc928b0602c67dff4b39153"
"md","instructions-narrative","bmm","bmad/bmm/workflows/2-plan-workflows/narrative/instructions-narrative.md","6e49b8c139eb8b42260e556fca0964260cc006a4c8d1796faebb95fc3e347580"
"md","instructions-router","bmm","bmad/bmm/workflows/1-analysis/research/instructions-router.md","7ef587d989bc8522e2558bd6b4f19af62382abb7cd1b16dfefe6b966effac5c9"
"md","instructions-technical","bmm","bmad/bmm/workflows/1-analysis/research/instructions-technical.md","2b88f750359e2fc7ad04a23c4020bcd942f7f65ff4bdf5b0853ea0c3012d45ce"
"md","instructions-ux","bmm","bmad/bmm/workflows/2-plan-workflows/ux/instructions-ux.md","02f3e34d0f4e3062cac40cc7bd8d1926b375fc79282102352e63c46d09b52f1f"
"md","INTEGRATION-EXAMPLE","bmm","bmad/bmm/workflows/workflow-status/INTEGRATION-EXAMPLE.md","63082d7e17c30e3904882efbe845d32fa06c40bbe15dbd23a078f2ce7d80dcb4"
"md","library-instructions","bmm","bmad/bmm/workflows/3-solutioning/project-types/library-instructions.md","bb9a9be27d521aabd8fd9c920a9d5e305e52b67a7c623a65ee54af16327e24c4"
"md","library-template","bmm","bmad/bmm/workflows/3-solutioning/project-types/library-template.md","bb1688916680cfe3d723d6991d68bf288931dc27713b5f5f27ec08955a57ef4f"
"md","metroidvania","bmm","bmad/bmm/workflows/2-plan-workflows/gdd/game-types/metroidvania.md","2a8c101dda7911d1cd1d9c66d1be86af3725832f5dcc7fab71e95204f45614ea"
"md","moba","bmm","bmad/bmm/workflows/2-plan-workflows/gdd/game-types/moba.md","92d0ba9f7508a38d5bfeac1651c6aee8a1a58c54659ad3f0e0d1fd678a1ef498"
"md","mobile-instructions","bmm","bmad/bmm/workflows/3-solutioning/project-types/mobile-instructions.md","cc06320c4b0fa61033576273caf93295d17fe74b60529f009e1bdaedd5d5ba1d"
"md","mobile-template","bmm","bmad/bmm/workflows/3-solutioning/project-types/mobile-template.md","bb1688916680cfe3d723d6991d68bf288931dc27713b5f5f27ec08955a57ef4f"
"md","narrative-template","bmm","bmad/bmm/workflows/2-plan-workflows/narrative/narrative-template.md","a97e07173c540f85e946eb9c525e1ccad9294ae5f970760f2a9c537b5c0dcd6b"
"md","network-first","bmm","bmad/bmm/testarch/knowledge/network-first.md","2920e58e145626f5505bcb75e263dbd0e6ac79a8c4c2ec138f5329e06a6ac014"
"md","nfr-criteria","bmm","bmad/bmm/testarch/knowledge/nfr-criteria.md","e63cee4a0193e4858c8f70ff33a497a1b97d13a69da66f60ed5c9a9853025aa1"
"md","nfr-report-template","bmm","bmad/bmm/workflows/testarch/nfr-assess/nfr-report-template.md","b1d8fcbdfc9715a285a58cb161242dea7d311171c09a2caab118ad8ace62b80c"
"md","party-game","bmm","bmad/bmm/workflows/2-plan-workflows/gdd/game-types/party-game.md","0cc50b3aede0c45c94cdff743cdac2d8ad67421ea80497a29d2300a1744ea703"
"md","playwright-config","bmm","bmad/bmm/testarch/knowledge/playwright-config.md","42516511104a7131775f4446196cf9e5dd3295ba3272d5a5030660b1dffaa69f"
"md","pm","bmm","bmad/bmm/agents/pm.md","255a09dd4e9d3c39d354a25b5f3bb819cfe916a862a0e327e3893ea87ddaba87"
"md","prd-template","bmm","bmad/bmm/workflows/2-plan-workflows/prd/prd-template.md","dabed6d227d6d8e98457f68a8f666a6effe3a78b374a5f937ccacc78ddf05216"
"md","probability-impact","bmm","bmad/bmm/testarch/knowledge/probability-impact.md","446dba0caa1eb162734514f35366f8c38ed3666528b0b5e16c7f03fd3c537d0f"
"md","project-context","bmm","bmad/bmm/workflows/1-analysis/brainstorm-project/project-context.md","0f1888da4bfc4f24c4de9477bd3ccb2a6fb7aa83c516dfdc1f98fbd08846d4ba"
"md","project-overview-template","bmm","bmad/bmm/workflows/1-analysis/document-project/templates/project-overview-template.md","a7c7325b75a5a678dca391b9b69b1e3409cfbe6da95e70443ed3ace164e287b2"
"md","puzzle","bmm","bmad/bmm/workflows/2-plan-workflows/gdd/game-types/puzzle.md","f9c08b6f087bfaa41ea08c9dfa78aa034f5ae46b627b9f476bdf8b4f5c3389ed"
"md","racing","bmm","bmad/bmm/workflows/2-plan-workflows/gdd/game-types/racing.md","085ea5d0914d7bc6a233c479d0ad6288a575ad1c8b9a8a85881e779fac0e60fc"
"md","README","bmm","bmad/bmm/README.md","6088bd05873befa19c47a8c44f92c1d7b7ec5d8fb04ffa573f258f65b306495f"
"md","README","bmm","bmad/bmm/testarch/README.md","b1d160e5d0809185461e35a9e9217892db0e87b1a63b71a0aec6f88636af82ee"
"md","README","bmm","bmad/bmm/workflows/1-analysis/brainstorm-game/README.md","4d704cf0ff96239cb37974009a3db1f067cf6d6fed48774746969f845f021a5a"
"md","README","bmm","bmad/bmm/workflows/1-analysis/brainstorm-project/README.md","d4ef2c6f5033cdb58e713cf30a8f88b37d83a361601bbeca38e15f9470535699"
"md","README","bmm","bmad/bmm/workflows/1-analysis/document-project/README.md","9415befb88719758299c85e42f497953814b9afe3b79bcfc4742deef243b2e26"
"md","README","bmm","bmad/bmm/workflows/1-analysis/document-project/templates/README.md","a5e3775d1dd3cf6958b782361229ad5602e55d140e8976f9c87e2051346d7e2a"
"md","README","bmm","bmad/bmm/workflows/1-analysis/game-brief/README.md","045eef516b71d7ffd5a9e4a841d8768e8359b9b5c9f750c7c51cd94c2e9526d2"
"md","README","bmm","bmad/bmm/workflows/1-analysis/product-brief/README.md","e891a719ac22e5cd754b55efc7b2f367094c8fa00e802139b3cb1f9fabf1c559"
"md","README","bmm","bmad/bmm/workflows/1-analysis/research/README.md","9679a94028badf669a05b8125d92c5c16cebc10fc8c9340eff866a872d17798a"
"md","README","bmm","bmad/bmm/workflows/2-plan-workflows/README.md","95d056218c31f4c756dbf7ca869d9e86dbab7e8b1b91e2658a4d65b678ef42a7"
"md","README","bmm","bmad/bmm/workflows/2-plan-workflows/gdd/README.md","2dfdc93ab6c9c5982c3a79bb184cd468fd59a44565ad23188a4a1a8f32208588"
"md","README","bmm","bmad/bmm/workflows/3-solutioning/README.md","15e392b927fa078754ced0bf5d13dff07333f8ea5bcea6c223f5181bce4b5ab1"
"md","README","bmm","bmad/bmm/workflows/3-solutioning/implementation-ready-check/README.md","602489f25e218ceeeed9a5890de81bc6fe61c74f5a1de272ca3f40aa5a76b6fb"
"md","README","bmm","bmad/bmm/workflows/3-solutioning/tech-spec/README.md","1e85361069b2083bc7e54504508aaec559b9e3fd330bb8e0e54649d3e79a321b"
"md","README","bmm","bmad/bmm/workflows/4-implementation/correct-course/README.md","7d5324ef1abbb4b46da2f850e7b57ce8856a5c6b3f9b2af2804f9cd71f007d8f"
"md","README","bmm","bmad/bmm/workflows/4-implementation/create-story/README.md","19d8633f4688aa914d237f3ad7a72c40b82506fc82442d52a1b0277ab10b28ab"
"md","README","bmm","bmad/bmm/workflows/4-implementation/dev-story/README.md","808dbd7c69efcf4c0651dc95d49ee2d4bbd95b986398359387578f6b3006bdda"
"md","README","bmm","bmad/bmm/workflows/4-implementation/retrospective/README.md","ae7e8503dabb3f8b9e21e662a8143a996b825a658f6e8feef53b43502246353c"
"md","README","bmm","bmad/bmm/workflows/4-implementation/review-story/README.md","bf8aacb0692173df34923cb643372403a7c1cd83d1457c68fa6c38f2c5e18207"
"md","README","bmm","bmad/bmm/workflows/4-implementation/story-context/README.md","aadd2d77c2c254a358a0b91f4db48a1ad69815226120fab74ebc40bc209f8246"
"md","README","bmm","bmad/bmm/workflows/README.md","b2a51500c5697c1dc645bdcd2d9f2ca9e9b74cab2aa5450518dadcfb15ec373f"
"md","README","bmm","bmad/bmm/workflows/testarch/README.md","2c425b38cc6229a82c21802cbff3e6e3a93c3b889228b3de63b21afca5ccc79d"
"md","README","bmm","bmad/bmm/workflows/testarch/atdd/README.md","2df335d000ef1bba33c759dd4e588fb1abfe9488ec58612fd8d2eed008d17e10"
"md","README","bmm","bmad/bmm/workflows/testarch/automate/README.md","feb4661f378d00e4ec11142dd9fa71a658806b189bfa5fdda1759804f1ecc3d3"
"md","README","bmm","bmad/bmm/workflows/testarch/ci/README.md","4419f7bedf32d6c0625ff521189e1f34c067b455a93eb032ac8b44a4bf5f82ce"
"md","README","bmm","bmad/bmm/workflows/testarch/framework/README.md","dcad70d7a92369486417037f93bfbb51f868b9643a11734172925d37260c5c53"
"md","README","bmm","bmad/bmm/workflows/testarch/nfr-assess/README.md","1c3f07243e60d5a425fac7b2eab17c0328f6318c74245143c91aa3fd51466ca1"
"md","README","bmm","bmad/bmm/workflows/testarch/test-design/README.md","19464a8df4aa5def821c41d369f418885002160d200ca9e4d50ed2a00dea448f"
"md","README","bmm","bmad/bmm/workflows/testarch/test-review/README.md","08ba52231bda562e69d4211e5fb54d703c3e9ed5db9f9eda717d83134be15dea"
"md","README","bmm","bmad/bmm/workflows/testarch/trace/README.md","379639193c1bae6a3d79356812557d302e619c99947555608af6ac6435092df4"
"md","README","bmm","bmad/bmm/workflows/workflow-status/README.md","aa1fb0f7787ca5e51158bdc7897db2a6e1e058be60941ea0336a6573bde32e22"
"md","rhythm","bmm","bmad/bmm/workflows/2-plan-workflows/gdd/game-types/rhythm.md","83bbf1761fdc604b8c2b50ed86c5874cce331417e1b3a46c65cb6c4c1a7c8db2"
"md","risk-governance","bmm","bmad/bmm/testarch/knowledge/risk-governance.md","2fa2bc3979c4f6d4e1dec09facb2d446f2a4fbc80107b11fc41cbef2b8d65d68"
"md","roguelike","bmm","bmad/bmm/workflows/2-plan-workflows/gdd/game-types/roguelike.md","fb1ebc838011020a6f740e6fb4f2ceb81be8477f9c67bc7ae3a8e34dfe548f00"
"md","rpg","bmm","bmad/bmm/workflows/2-plan-workflows/gdd/game-types/rpg.md","5aa57ecefb448a0507ee0c8d503b43bd34d0c612ba130240d1af9842b80cba50"
"md","sandbox","bmm","bmad/bmm/workflows/2-plan-workflows/gdd/game-types/sandbox.md","836f656bbaae549f31ac574c0865a61de451c08ab8c561db2c93398e147ece85"
"md","selective-testing","bmm","bmad/bmm/testarch/knowledge/selective-testing.md","c14c8e1bcc309dbb86a60f65bc921abf5a855c18a753e0c0654a108eb3eb1f1c"
"md","selector-resilience","bmm","bmad/bmm/testarch/knowledge/selector-resilience.md","a55c25a340f1cd10811802665754a3f4eab0c82868fea61fea9cc61aa47ac179"
"md","shooter","bmm","bmad/bmm/workflows/2-plan-workflows/gdd/game-types/shooter.md","2452850295ac2b9fac04ce2d6126bfc19bb7dccbb04c40e7f89c801aecc5555d"
"md","simulation","bmm","bmad/bmm/workflows/2-plan-workflows/gdd/game-types/simulation.md","fd74a7d21243f8d9827fe6a99263579309bc0aabd9e56261d3dd4eb5cfc75ad5"
"md","sm","bmm","bmad/bmm/agents/sm.md","2d8b4e3b0a3f134182e8662cc1050956f431344aba9931390186eb9605801d1f"
"md","source-tree-template","bmm","bmad/bmm/workflows/1-analysis/document-project/templates/source-tree-template.md","109bc335ebb22f932b37c24cdc777a351264191825444a4d147c9b82a1e2ad7a"
"md","sports","bmm","bmad/bmm/workflows/2-plan-workflows/gdd/game-types/sports.md","2247ea87dbca74e879f8c686d9e80434618e9e61bd3572739274c1af64cb0bb8"
"md","strategy","bmm","bmad/bmm/workflows/2-plan-workflows/gdd/game-types/strategy.md","997380919f6c1b408906c364f74e728b9c6b45bf2960d1f0bfe8b0def594735e"
"md","survival","bmm","bmad/bmm/workflows/2-plan-workflows/gdd/game-types/survival.md","3647795ee0073a85217633412a41a938e51a553776acbe9ac953fb403e3437f9"
"md","tea","bmm","bmad/bmm/agents/tea.md","4b7f2b3e06dbd6e92908ee552c378f85af55c8eb286f4f1f51a2142141dbb159"
"md","tech-spec-template","bmm","bmad/bmm/workflows/2-plan-workflows/tech-spec/tech-spec-template.md","d02cdd43dea4025d2b691e05b458fc24129e87f98cf18598d742e55c1ae84c70"
"md","template","bmm","bmad/bmm/workflows/1-analysis/game-brief/template.md","6d5555fae3763e8528898663d51276e0cc7d2d9725a8c74162d8e9732dbc5843"
"md","template","bmm","bmad/bmm/workflows/1-analysis/product-brief/template.md","6e80489578bf0908c70742b36997007ea3978bcd14af7ee6b1dca5d54679090e"
"md","template","bmm","bmad/bmm/workflows/3-solutioning/implementation-ready-check/template.md","11c3b7573991c001a7f7780daaf5e5dfa4c46c3ea1f250c5bbf86c5e9f13fc8b"
"md","template","bmm","bmad/bmm/workflows/3-solutioning/tech-spec/template.md","f27cf5523b383afa33918f02d2ecf37bd2fb514e3eff3a6b423684667d8678f0"
"md","template","bmm","bmad/bmm/workflows/4-implementation/create-story/template.md","aa7e097cf73e318d6b8302aa69d48f81ee45f57d43c3613a0d49d3e538eb5780"
"md","template-deep-prompt","bmm","bmad/bmm/workflows/1-analysis/research/template-deep-prompt.md","2e65c7d6c56e0fa3c994e9eb8e6685409d84bc3e4d198ea462fa78e06c1c0932"
"md","template-market","bmm","bmad/bmm/workflows/1-analysis/research/template-market.md","28631d8693beac54f4b47f38b143d5efc91f8ed7673e396a7b40304db7eba6cb"
"md","template-technical","bmm","bmad/bmm/workflows/1-analysis/research/template-technical.md","6f571c638c9d2f12ded2cf82ed7c5064a25e99f197fcd42dc558cb45e7ebaf93"
"md","test-design-template","bmm","bmad/bmm/workflows/testarch/test-design/test-design-template.md","ccf81b14ec366cbd125a1cdebe40f07fcf7a9789b0ecc3e57111fc4526966d46"
"md","test-healing-patterns","bmm","bmad/bmm/testarch/knowledge/test-healing-patterns.md","b44f7db1ebb1c20ca4ef02d12cae95f692876aee02689605d4b15fe728d28fdf"
"md","test-levels-framework","bmm","bmad/bmm/testarch/knowledge/test-levels-framework.md","80bbac7959a47a2e7e7de82613296f906954d571d2d64ece13381c1a0b480237"
"md","test-priorities-matrix","bmm","bmad/bmm/testarch/knowledge/test-priorities-matrix.md","321c3b708cc19892884be0166afa2a7197028e5474acaf7bc65c17ac861964a5"
"md","test-quality","bmm","bmad/bmm/testarch/knowledge/test-quality.md","97b6db474df0ec7a98a15fd2ae49671bb8e0ddf22963f3c4c47917bb75c05b90"
"md","test-review-template","bmm","bmad/bmm/workflows/testarch/test-review/test-review-template.md","3e68a73c48eebf2e0b5bb329a2af9e80554ef443f8cd16652e8343788f249072"
"md","text-based","bmm","bmad/bmm/workflows/2-plan-workflows/gdd/game-types/text-based.md","5895ca65dc93f676bb33b754f2c6be85d5d9b651df87d8431d404dc9bb736ee7"
"md","timing-debugging","bmm","bmad/bmm/testarch/knowledge/timing-debugging.md","c4c87539bbd3fd961369bb1d7066135d18c6aad7ecd70256ab5ec3b26a8777d9"
"md","tower-defense","bmm","bmad/bmm/workflows/2-plan-workflows/gdd/game-types/tower-defense.md","03a2cc577fdd1a183ba04409b01b22f2f38713d28f1278481b0f221858f97ec8"
"md","trace-template","bmm","bmad/bmm/workflows/testarch/trace/trace-template.md","5453a8e4f61b294a1fc0ba42aec83223ae1bcd5c33d7ae0de6de992e3ee42b43"
"md","turn-based-tactics","bmm","bmad/bmm/workflows/2-plan-workflows/gdd/game-types/turn-based-tactics.md","30a150d8a0ab746f0c67d414be79e7e421fff1b8b7a1b716e64800df72bdb6c2"
"md","user-story-template","bmm","bmad/bmm/workflows/2-plan-workflows/tech-spec/user-story-template.md","bbe87bdbf7ec6096115bb6b41faf431837b06b208286f2f86afc459a278624c8"
"md","ux-expert","bmm","bmad/bmm/agents/ux-expert.md","ccd825980b3620b073717f9d082e7238663acd0aa53b81d3f8a0024da06489bc"
"md","ux-spec-template","bmm","bmad/bmm/workflows/2-plan-workflows/ux/ux-spec-template.md","b04fa73b5cc1c835f0ddd7a8699b458b8631ecd4add2fb0be4f47b8ba5bfd54e"
"md","visual-debugging","bmm","bmad/bmm/testarch/knowledge/visual-debugging.md","072a3d30ba6d22d5e628fc26a08f6e03f8b696e49d5a4445f37749ce5cd4a8a9"
"md","visual-novel","bmm","bmad/bmm/workflows/2-plan-workflows/gdd/game-types/visual-novel.md","2d98f4c682f0abbd6330ac1bad04600c596e6b27302adbe9510fc0c0bf53052c"
"md","web-instructions","bmm","bmad/bmm/workflows/3-solutioning/project-types/web-instructions.md","ea70b5200b09d06937cfa3c783a34c107acc060aec5308cac6d47dab8cecbad9"
"md","web-template","bmm","bmad/bmm/workflows/3-solutioning/project-types/web-template.md","48f17f9a8063af9bc123967abb143c45a69c1742e8573807948768733cd680d3"
"md","workflow-status-template","bmm","bmad/bmm/workflows/workflow-status/workflow-status-template.md","716d66a80240cabad553b7e53e05c790569eac62b4aec7eeef800d74fdc1a163"
"xml","context-template","bmm","bmad/bmm/workflows/4-implementation/story-context/context-template.xml","6b88d07ff10f51bb847d70e02f22d8927beb6ef1e55d5acf647e8f23b5821921"
"xml","daily-standup","bmm","bmad/bmm/tasks/daily-standup.xml","51b7938726bd2ad32d9ccc3b1bbad89b6023ddc607d3714cc5f2fd91d296465b"
"xml","retrospective","bmm","bmad/bmm/tasks/retrospective.xml","0c7ed9b6a5a590a58f35fca3f9d04e548bb62fb3e9bd0c8e22df24c1dc905c7b"
"yaml","analyst.agent","bmm","bmad/bmm/agents/analyst.agent.yaml",""
"yaml","architect.agent","bmm","bmad/bmm/agents/architect.agent.yaml",""
"yaml","brownfield-level-0","bmm","bmad/bmm/workflows/workflow-status/paths/brownfield-level-0.yaml","1d4546cba90dbbb18f8cca82da0fc054fb5ce6672138e5c64794c2d74cf1d9a9"
"yaml","brownfield-level-1","bmm","bmad/bmm/workflows/workflow-status/paths/brownfield-level-1.yaml","4866a1e1c7b513a0047aa1f0ab3d0c9930d5295495c7ca8224528db1e2efc950"
"yaml","brownfield-level-2","bmm","bmad/bmm/workflows/workflow-status/paths/brownfield-level-2.yaml","b6ea9d7bfd9a74150de62818615fb21b2195d5132f49c4f5b76bdb89189634cf"
"yaml","brownfield-level-3","bmm","bmad/bmm/workflows/workflow-status/paths/brownfield-level-3.yaml","670be29a56c3f2be32f5a509b35e29ac349d86c6c6e921416d70910c506bcdb0"
"yaml","brownfield-level-4","bmm","bmad/bmm/workflows/workflow-status/paths/brownfield-level-4.yaml","34c7431b41ae31858db4df6a35e89aa91fb65aa307b1a89da7e5f996ee98b552"
"yaml","config","bmm","bmad/bmm/config.yaml","d28c35359ebcaf7eb47ec955a4443bed0ee95067ade257f7f1a161d70f273297"
"yaml","deep-dive","bmm","bmad/bmm/workflows/1-analysis/document-project/workflows/deep-dive.yaml","8cc08a7fd213d35e2de924e588b903e491494694f4ebb493cc6ab60cf8f0c6c0"
"yaml","dev.agent","bmm","bmad/bmm/agents/dev.agent.yaml",""
"yaml","full-scan","bmm","bmad/bmm/workflows/1-analysis/document-project/workflows/full-scan.yaml","1be54e7e270a19c373e6f952745c055fe33948a173f7355f29ce729fb48c6a8f"
"yaml","game-architect.agent","bmm","bmad/bmm/agents/game-architect.agent.yaml",""
"yaml","game-design","bmm","bmad/bmm/workflows/workflow-status/paths/game-design.yaml","3969c0a65b426fc0d34b1c4a6b26f3af7206270623a7caffa1b54e5066788a40"
"yaml","game-designer.agent","bmm","bmad/bmm/agents/game-designer.agent.yaml",""
"yaml","game-dev.agent","bmm","bmad/bmm/agents/game-dev.agent.yaml",""
"yaml","github-actions-template","bmm","bmad/bmm/workflows/testarch/ci/github-actions-template.yaml","28c0de7c96481c5a7719596c85dd0ce8b5dc450d360aeaa7ebf6294dcf4bea4c"
"yaml","gitlab-ci-template","bmm","bmad/bmm/workflows/testarch/ci/gitlab-ci-template.yaml","bc83b9240ad255c6c2a99bf863b9e519f736c99aeb4b1e341b07620d54581fdc"
"yaml","greenfield-level-0","bmm","bmad/bmm/workflows/workflow-status/paths/greenfield-level-0.yaml","c989bc0d89e83b914c9f15aba2d30e405f75508cc39e0cf716bf82d3b24c3aa0"
"yaml","greenfield-level-1","bmm","bmad/bmm/workflows/workflow-status/paths/greenfield-level-1.yaml","9b10b151398691d17c67ea6a85c8911d388cd0a3150a22662b29765fb5b635c0"
"yaml","greenfield-level-2","bmm","bmad/bmm/workflows/workflow-status/paths/greenfield-level-2.yaml","45bfce8fa20a42d4a842593eb03be45ed55856116d3430bd9c5b5bce43c783c0"
"yaml","greenfield-level-3","bmm","bmad/bmm/workflows/workflow-status/paths/greenfield-level-3.yaml","962571f00a2e2ed384f6723aee72082bb951a31717700f482c0d03a4ae2ac822"
"yaml","greenfield-level-4","bmm","bmad/bmm/workflows/workflow-status/paths/greenfield-level-4.yaml","03f0cb43ba9de8c287eda1a4f653df35e84196c00ae9745eb0dd6a183a38a5ea"
"yaml","injections","bmm","bmad/bmm/workflows/1-analysis/research/claude-code/injections.yaml","dd6dd6e722bf661c3c51d25cc97a1e8ca9c21d517ec0372e469364ba2cf1fa8b"
"yaml","pm.agent","bmm","bmad/bmm/agents/pm.agent.yaml",""
"yaml","project-levels","bmm","bmad/bmm/workflows/workflow-status/project-levels.yaml","a566adc537cec6d740395f59e63348d5193ef4c269cf71eb5c4947c57e89d72a"
"yaml","sm.agent","bmm","bmad/bmm/agents/sm.agent.yaml",""
"yaml","tea.agent","bmm","bmad/bmm/agents/tea.agent.yaml",""
"yaml","team-fullstack","bmm","bmad/bmm/teams/team-fullstack.yaml","58ce025555ca5830584d08c748c871271113aca69d626dab01d25b5d6caba0b1"
"yaml","team-gamedev","bmm","bmad/bmm/teams/team-gamedev.yaml","74f8951a5e57ff1687ec5f79c8f58e8d78d55a80bdd96d8b825f1f321c39ba25"
"yaml","ux-expert.agent","bmm","bmad/bmm/agents/ux-expert.agent.yaml",""
"yaml","validation-criteria","bmm","bmad/bmm/workflows/3-solutioning/implementation-ready-check/validation-criteria.yaml","2c034da959c46a1ebc964ddb85c9a0d3677ffd7056ef85eecec4487bec25a41c"
"yaml","workflow","bmm","bmad/bmm/workflows/1-analysis/brainstorm-game/workflow.yaml","9cbca79f07dff1356d8831525e2d8ef7e08f80cfdfff98aa1a6669efceb29c35"
"yaml","workflow","bmm","bmad/bmm/workflows/1-analysis/brainstorm-project/workflow.yaml","bcfb19b54f1f10494fd2832263033a39c2ebc139df62ebcbe523a679f46d45f8"
"yaml","workflow","bmm","bmad/bmm/workflows/1-analysis/document-project/workflow.yaml","c94281450d92ca9c6c868d77aaf61a8a9844669645d90e5c6bb3c61a58d69568"
"yaml","workflow","bmm","bmad/bmm/workflows/1-analysis/game-brief/workflow.yaml","45281293d072e0b2a5217095d04faf800e98f5729fba556ea36dff011b5762f9"
"yaml","workflow","bmm","bmad/bmm/workflows/1-analysis/product-brief/workflow.yaml","e35424ab79f6347fd26c39339ca1e152e308af1dc37179aafd52e1c240d4cd3b"
"yaml","workflow","bmm","bmad/bmm/workflows/1-analysis/research/workflow.yaml","07477f3c8af5383da11f7ab832f52af8080021db907116a4a6ac9ab9db47ade6"
"yaml","workflow","bmm","bmad/bmm/workflows/2-plan-workflows/gdd/workflow.yaml","cb71369b1f3580320e17b6deec25dd41bbb01dd4633338be9f12e68fb4765993"
"yaml","workflow","bmm","bmad/bmm/workflows/2-plan-workflows/narrative/workflow.yaml","fc6e99496d1da7b4fad43872805dd87ccd110e1b05aa6f69d042e05cc0786037"
"yaml","workflow","bmm","bmad/bmm/workflows/2-plan-workflows/prd/workflow.yaml","7631395682db5811c930581ce7509d78330e8520d57bfe22f5fba094906b6fad"
"yaml","workflow","bmm","bmad/bmm/workflows/2-plan-workflows/tech-spec/workflow.yaml","e03c94006766926cbcde23984caf3d6b5cfa8b06ac668a5eba05229dae12e0c8"
"yaml","workflow","bmm","bmad/bmm/workflows/2-plan-workflows/ux/workflow.yaml","e8d9fef71a16cf0c06848a6e88af4ce16b2db1287f1fb05fd63cbc039e162878"
"yaml","workflow","bmm","bmad/bmm/workflows/3-solutioning/implementation-ready-check/workflow.yaml","6600618c2226c11bca468cb347cee7a94bcb0de5c19b2949777e7327cb8d5729"
"yaml","workflow","bmm","bmad/bmm/workflows/3-solutioning/tech-spec/workflow.yaml","9e3b77ee4257096f57978e922f969745f1adcb5463d4a44b62409ec8811d4278"
"yaml","workflow","bmm","bmad/bmm/workflows/3-solutioning/workflow.yaml","b6c23cccff560e4c5f774e683ca574fdfb74b63be465ec00a864bbe012d04a76"
"yaml","workflow","bmm","bmad/bmm/workflows/4-implementation/correct-course/workflow.yaml","2d1f371c9c5cddd42db4845cd8ab506c075d69f0f5d7853d669c8ba52c1bf8e2"
"yaml","workflow","bmm","bmad/bmm/workflows/4-implementation/create-story/workflow.yaml","bfb18769d05b8da9710e13548a7fc2257050de7dcdd202f4046e70fd76b98b7c"
"yaml","workflow","bmm","bmad/bmm/workflows/4-implementation/dev-story/workflow.yaml","0d65d1403d1118ac1e71f0aa826e87b59aa61f3f7855ad13ecccad3a85f82abe"
"yaml","workflow","bmm","bmad/bmm/workflows/4-implementation/retrospective/workflow.yaml","402e1d98261b10dcd8cc08fc725254bba3dc484b373daba4a5fa6f8a9448622e"
"yaml","workflow","bmm","bmad/bmm/workflows/4-implementation/review-story/workflow.yaml","4286fe0202f4fb5f2ba43bdf0015f31657003184f28d1b30197dd2fca7eba472"
"yaml","workflow","bmm","bmad/bmm/workflows/4-implementation/story-approved/workflow.yaml","ce26bb40aa0386dda0293f11245e678f78cedce31a81b31fcd9bbac33d6b3e17"
"yaml","workflow","bmm","bmad/bmm/workflows/4-implementation/story-context/workflow.yaml","7b72fe0c91805b4c6c89c6b3899a3fc536b542c2838e4ea05ce3dfe17f1a4f62"
"yaml","workflow","bmm","bmad/bmm/workflows/4-implementation/story-ready/workflow.yaml","886cc8c25286b68ec14532e68d4cef08770dafebc3322b7219d6205e2acf0275"
"yaml","workflow","bmm","bmad/bmm/workflows/testarch/atdd/workflow.yaml","b1bc5f8101fabf3fd1dd725d3fd1e5d8568e5497856ccf0556c86a0435214d95"
"yaml","workflow","bmm","bmad/bmm/workflows/testarch/automate/workflow.yaml","44b21e50e8419dbfdfbf7281b61f9e6f6630f4e9cf720fbe5e54b236d9d5e90d"
"yaml","workflow","bmm","bmad/bmm/workflows/testarch/ci/workflow.yaml","de89801ec80bd7e13c030a2912b4eee8992e8e2bfd020b59f85466d3569802f9"
"yaml","workflow","bmm","bmad/bmm/workflows/testarch/framework/workflow.yaml","72786ba1124a51e52acc825a340dcfda2188432ee6514f9e6e30b3bd0ef95123"
"yaml","workflow","bmm","bmad/bmm/workflows/testarch/nfr-assess/workflow.yaml","f7b005bf1af420693a8415b246bf4e87d827364cde09003649e6c234e6a4c5dc"
"yaml","workflow","bmm","bmad/bmm/workflows/testarch/test-design/workflow.yaml","c8567a80b9732352b098fc94089d7ed3965405b19d596c0f3d14ad0e848f3fc1"
"yaml","workflow","bmm","bmad/bmm/workflows/testarch/test-review/workflow.yaml","19a389464ae744d5dd149e46c58beffb341cecc52198342a7c342cd3895d22f2"
"yaml","workflow","bmm","bmad/bmm/workflows/testarch/trace/workflow.yaml","9e112a5d983d7b517e22f20b815772e38f42d2568a4dcb7d8eb5afaf9e246963"
"yaml","workflow","bmm","bmad/bmm/workflows/workflow-status/init/workflow.yaml","1b359a217d55936d61134e7baa0cde238d75e9163ad8f89810c5c9169cebee79"
"yaml","workflow","bmm","bmad/bmm/workflows/workflow-status/workflow.yaml","cf67808cf4f24279b3d7717aca584506d8025c50caf072b2bd6b20d85bbd6252"
"csv","adv-elicit-methods","core","bmad/core/tasks/adv-elicit-methods.csv","b4e925870f902862899f12934e617c3b4fe002d1b652c99922b30fa93482533b"
"csv","brain-methods","core","bmad/core/workflows/brainstorming/brain-methods.csv","ecffe2f0ba263aac872b2d2c95a3f7b1556da2a980aa0edd3764ffb2f11889f3"
"md","bmad-master","core","bmad/core/agents/bmad-master.md","d5a8f4c202e0637844b7c481c6b1284f4a8175017f070a23de849f53ead62625"
"md","instructions","core","bmad/core/workflows/brainstorming/instructions.md","32961c158cf5c0575ff0aac6e6532ea177b824e96caddafa31223485df10bc4e"
"md","instructions","core","bmad/core/workflows/party-mode/instructions.md","ea0e0e76de91d872efb3b4397627801452f21a39d094a77c41edc93f8dc4238b"
"md","README","core","bmad/core/workflows/brainstorming/README.md","ca469d9fbb2b9156491d160e11e2517fdf85ea2c29f41f92b22d4027fe7d9d2a"
"md","template","core","bmad/core/workflows/brainstorming/template.md","b5c760f4cea2b56c75ef76d17a87177b988ac846657f4b9819ec125d125b7386"
"xml","adv-elicit","core","bmad/core/tasks/adv-elicit.xml","94f004a336e434cd231de35eb864435ac51cd5888e9befe66e326eb16497121e"
"xml","bmad-web-orchestrator.agent","core","bmad/core/agents/bmad-web-orchestrator.agent.xml","91a5c1b660befa7365f427640b4fa3dbb18f5e48cd135560303dae0939dccf12"
"xml","index-docs","core","bmad/core/tasks/index-docs.xml","8d011ea850571d448932814bad7cbedcc8aa6e3e28868f55dcc7c2ba82158901"
"xml","validate-workflow","core","bmad/core/tasks/validate-workflow.xml","1244874db38a55d957995ed224812ef868ff1451d8e1901cc5887dd0eb1c236e"
"xml","workflow","core","bmad/core/tasks/workflow.xml","0b2b7bd184e099869174cc8d9125fce08bcd3fd64fad50ff835a42eccf6620e2"
"yaml","bmad-master.agent","core","bmad/core/agents/bmad-master.agent.yaml",""
"yaml","config","core","bmad/core/config.yaml","c16f78cb51320a72aa2180418d7fef6ee3b0b8874a68c2f5e241d2f49735df3c"
"yaml","workflow","core","bmad/core/workflows/brainstorming/workflow.yaml","52db57678606b98ec47e603c253c40f98815c49417df3088412bbbd8aa7f34d3"
"yaml","workflow","core","bmad/core/workflows/party-mode/workflow.yaml","979e986780ce919abbdae89b3bd264d34a1436036a7eb6f82f40e59c9ce7c2e8"
